SKU,UPC#,Description,Current Quantity,Restock  Quantity,Low  Quantity,
36061,51135081167,@@COMPOUND  EX RUBBING GA,1,12,3,
6086,51131387812,@@COMPOUND  RUBBING GA,1,12,3,
 *SAT1011973,0,125M FLAT BLUE SIEVE 0.9,0,0,0,
 *SAT1010389,0,125M FLAT SIEVE STD GUN 0.3,0,0,0,
31483,0,ABRASIVE DISC  6 IN  320+,0,0,0,
MAC7-2,NO TRACK,ACID BRUSH #2,0,0,0,
6396,3.01E+13,ADHESION  PROMOTER WIPE,0,0,0,
8115,51135081167,ADHESIVE  PANEL BOND 6OZ,0,0,0,CHECK
8194,51131387812,AUTOMIX NOZZLE BULK,0,0,0,
7046,51131070462,CARTRIDGE  RESP 2PK,0,0,0,
31484,0,CUBITRON II DISC  6 IN  400+,0,0,0,
SAT1010438,0,CUP 125M FLAT BLUE SIEVE 0.6,0,0,0,
36852,0,DIRT TRAP MATERIAL 28 X 300'',0,0,0,
7466,0,DISC  BLK CLEAN STRIP 4,0,0,0,
36507,3.01E+13,DISC  GREEN FIBER 40G 5IN,0,0,0,
0,51131059078,Adhesion promoter Spray,0,0,0,
0,NO BARCODE,Blue Hardener,0,0,0,
0,X00252O9BD,Aluminum Tape,0,0,0,
0,51131019911,"3"" Grinding Wheel 3m",0,0,0,
0,6.59E+11,"125"" Micron Paint Strainers",0,0,0,
0,6.59E+11,"226"" Micron Paint Strainers",0,0,0,
0,3.07E+11,"3"" Norton Cutoff Wheel",0,0,0,
0,51131058859,Rigid Repair,0,0,0,
0,SPS1204,Spreaders,0,0,0,
0,51131344501,400 Long,0,0,0,
0,51131344495,320 Long,0,0,0,
0,51131344471,220 Long,0,0,0,
0,51131344464,180  Long,0,0,0,
0,51131344426,80 Long,0,0,0,
0,51131307667,DISC  PURPLE HOOKIT P2000 6,0,6,2,
0,51131306684,DISC  PURPLE HOOKIT P1500 6,0,6,2,
0,51131314849,DISC  PURPLE HOOKIT P400 6,0,6,2,
0,51131314832,DISC  PURPLE HOOKIT P320 6,0,6,2,
0,51131313743,DISC  PURPLE HOOKIT P180 6,0,6,2,
0,51131313712,DISC  PURPLE HOOKIT P80 6,0,6,2,
30761,51131307612,DISC  PURPLE HOOKIT P600 6,0,6,2,
30760,51131307605,DISC  PURPLE HOOKIT P800 6,0,6,2,
5888,51131058880,EZ FIX FLEXIBLE PATCH,0,0,0,
FIB940,0,FG MAT 1 SQ.YD PKG,0,0,0,
7000,0,FILTER PARTICULATE 2091 P100,0,0,0,
UPO745,5.01E+12,FLY WEIGHT GOLD 3L,0,0,0,
UPO670,5.01E+12,LIQUID GOLD POURABLE GLZ PUTTY,0,0,0,
7448,3.01E+13,PAD  GRAY SCOTCH-BRITE,0,0,0,
5777,0,PAD  SOFT INTERFACE 6X1/2X1,0,0,0,
 *06539,5.01E+13,PAPER  WHITE MASK 18X750'',0,0,0,
6540,5.01E+13,PAPER  WHITE MASK 36X750'',0,0,0,
6537,5.01E+13,PAPER  WHITE MASK 6X750'',0,0,0,
8239,0,REPAIR  PLASTIC TPO PARTS,0,0,0,
7026,NO CODE,RESPIRATOR  FACEPIECE LG,0,0,0,
 *07182,51131071827,RESPIRATOR HAFMASK P100MD,0,0,0,
5887,0,SAND KIT   E-Z FILL 200ML,0,0,0,
7777,51131077775,SCUFF  MAROON PREP,0,0,0,
8609,0,SEALENT  BLK SU/FAST CART,0,0,0,
8361,51131168312,SEALER  GRY SEAM ULTRA,0,0,0,
6724,51131067240,SHEET  PLASTIC  16''X400'',0,0,0,
34449,&nbsp;,SHEET ROLL  70 MM X 12M 320+,0,0,0,
SMP1700,NO CODE,SMART PLASTIC MIXING BOARD,0,0,0,
 *SMT711,8.45E+11,SMART QUICK CHANGE DISC 36 GR,0,0,0,
 *SMT712,8.45E+11,SMART QUICK CHANGE DISC 50 GR,0,0,0,
SKN100-9,8.45E+11,SMART SINGLE EDGE RAZOR BLADES,0,0,0,
SMT109,NO SCAN,SMART WHITE PAINTER SUIT 3XL,0,0,0,
SMT110,NO SCAN,SMART WHITE PAINTER SUIT 4XL,0,0,0,
PEC4247,51131042476,SUPER FAST ADHESIVE REP 200ML,0,0,0,
 *06545,0,TAPE MASK CRYSTALBAY3/4,0,0,0,
6654,0,TAPE MASK YELLOW 1 1/2,0,0,0,
6652,0,TAPE MASK YELLOW 3/4,0,0,0,
SAS6603,7.81E+11,THICKSTER LATEX GLV LRG,0,10,4,
SAS6602,7.81E+11,THICKSTER LATEX GLV MED,0,10,4,
SAS6604,7.81E+11,THICKSTER LATEX GLV XL,0,10,4,
HSM1001,8.42E+11,WELDING STUDS,0,0,0,
0,30192100004,Klean Strip paint stripper,0,0,0,
